<?xml version="1.0" encoding="UTF-8"?>
<project-private xmlns="http://www.netbeans.org/ns/project-private/1">
    <editor-bookmarks xmlns="http://www.netbeans.org/ns/editor-bookmarks/2" lastBookmarkId="0"/>
    <open-files xmlns="http://www.netbeans.org/ns/projectui-open-files/2">
        <group>
            <file>file:/C:/Users/Miguel/Documents/NetBeansProjects/Calculadora/src/presentacion/Controlador.java</file>
            <file>file:/C:/Users/Miguel/Documents/NetBeansProjects/Calculadora/src/presentacion/VistaCalculadora.java</file>
            <file>file:/C:/Users/Miguel/Documents/NetBeansProjects/Calculadora/src/logica/Calculadora.java</file>
            <file>file:/C:/Users/Miguel/Documents/NetBeansProjects/Calculadora/src/presentacion/Modelo.java</file>
            <file>file:/C:/Users/Miguel/Documents/NetBeansProjects/Calculadora/src/logica/v2/Calculadora.java</file>
        </group>
    </open-files>
</project-private>
